name,Show URL,Show Type,Language,Genres,Status,Runtime,Premiere Date,Official Site,Time,Day,Network,Country,Country Code,Timezone
Under the Dome,https://www.tvmaze.com/shows/1/under-the-dome,Scripted,English,"['Drama', 'Science-Fiction', 'Thriller']",Ended,60.0,2013-06-24,http://www.cbs.com/shows/under-the-dome/,22:00,['Thursday'],CBS,United States,US,America/New_York
Person of Interest,https://www.tvmaze.com/shows/2/person-of-interest,Scripted,English,"['Action', 'Crime', 'Science-Fiction']",Ended,60.0,2011-09-22,http://www.cbs.com/shows/person_of_interest/,22:00,['Tuesday'],CBS,United States,US,America/New_York
Bitten,https://www.tvmaze.com/shows/3/bitten,Scripted,English,"['Drama', 'Horror', 'Romance']",Ended,60.0,2014-01-11,http://bitten.space.ca/,22:00,['Friday'],CTV Sci-Fi Channel,Canada,CA,America/Halifax
Arrow,https://www.tvmaze.com/shows/4/arrow,Scripted,English,"['Drama', 'Action', 'Science-Fiction']",Ended,60.0,2012-10-10,http://www.cwtv.com/shows/arrow,21:00,['Tuesday'],The CW,United States,US,America/New_York
True Detective,https://www.tvmaze.com/shows/5/true-detective,Scripted,English,"['Drama', 'Crime', 'Thriller']",Running,60.0,2014-01-12,http://www.hbo.com/true-detective,21:00,['Sunday'],HBO,United States,US,America/New_York
The 100,https://www.tvmaze.com/shows/6/the-100,Scripted,English,"['Action', 'Adventure', 'Science-Fiction']",Ended,60.0,2014-03-19,http://www.cwtv.com/shows/the-100/,20:00,['Wednesday'],The CW,United States,US,America/New_York
Homeland,https://www.tvmaze.com/shows/7/homeland,Scripted,English,"['Drama', 'Thriller', 'Espionage']",Ended,60.0,2011-10-02,http://www.sho.com/sho/homeland/home,21:00,['Sunday'],Showtime,United States,US,America/New_York
Glee,https://www.tvmaze.com/shows/8/glee,Scripted,English,"['Drama', 'Music', 'Romance']",Ended,60.0,2009-05-19,http://www.fox.com/glee,21:00,['Tuesday'],FOX,United States,US,America/New_York
Revenge,https://www.tvmaze.com/shows/9/revenge,Scripted,English,"['Drama', 'Thriller', 'Mystery']",Ended,60.0,2011-09-21,NA,22:00,['Sunday'],ABC,United States,US,America/New_York
Grimm,https://www.tvmaze.com/shows/10/grimm,Scripted,English,"['Drama', 'Crime', 'Supernatural']",Ended,60.0,2011-10-28,http://www.nbc.com/grimm,20:00,['Friday'],NBC,United States,US,America/New_York
Gotham,https://www.tvmaze.com/shows/11/gotham,Scripted,English,"['Drama', 'Action', 'Crime']",Ended,60.0,2014-09-22,http://www.fox.com/gotham,20:00,['Thursday'],FOX,United States,US,America/New_York
Lost Girl,https://www.tvmaze.com/shows/12/lost-girl,Scripted,English,"['Drama', 'Fantasy', 'Horror']",Ended,60.0,2010-09-12,http://www.showcase.ca/lostgirl,22:00,['Sunday'],Showcase,Canada,CA,America/Halifax
The Flash,https://www.tvmaze.com/shows/13/the-flash,Scripted,English,"['Drama', 'Action', 'Science-Fiction']",Running,60.0,2014-10-07,http://www.cwtv.com/shows/the-flash/,20:00,['Tuesday'],The CW,United States,US,America/New_York
Continuum,https://www.tvmaze.com/shows/14/continuum,Scripted,English,"['Drama', 'Crime', 'Science-Fiction']",Ended,60.0,2012-05-27,http://www.showcase.ca/Continuum,21:00,['Sunday'],Showcase,Canada,CA,America/Halifax
Constantine,https://www.tvmaze.com/shows/15/constantine,Scripted,English,"['Drama', 'Action', 'Horror']",Ended,60.0,2014-10-24,https://www.nbc.com/constantine,20:00,['Friday'],NBC,United States,US,America/New_York
Penny Dreadful,https://www.tvmaze.com/shows/16/penny-dreadful,Scripted,English,"['Horror', 'Thriller', 'Supernatural']",Ended,60.0,2014-05-11,http://www.sho.com/penny-dreadful,21:00,['Sunday'],Showtime,United States,US,America/New_York
The Amazing Race,https://www.tvmaze.com/shows/18/the-amazing-race,Reality,English,"['Action', 'Adventure', 'Family']",Running,60.0,2001-09-05,http://www.cbs.com/shows/amazing_race/,20:00,['Wednesday'],CBS,United States,US,America/New_York
Supernatural,https://www.tvmaze.com/shows/19/supernatural,Scripted,English,"['Drama', 'Action', 'Supernatural']",Ended,60.0,2005-09-13,http://www.cwtv.com/shows/supernatural,20:00,['Thursday'],The CW,United States,US,America/New_York
The Strain,https://www.tvmaze.com/shows/20/the-strain,Scripted,English,"['Drama', 'Horror', 'Thriller']",Ended,60.0,2014-07-13,http://www.fxnetworks.com/thestrain,22:00,['Sunday'],FX,United States,US,America/New_York
The Last Ship,https://www.tvmaze.com/shows/21/the-last-ship,Scripted,English,"['Drama', 'Action', 'Thriller']",Ended,60.0,2014-06-22,http://www.tntdrama.com/shows/the-last-ship,21:00,['Sunday'],TNT,United States,US,America/New_York
True Blood,https://www.tvmaze.com/shows/22/true-blood,Scripted,English,"['Drama', 'Romance', 'Supernatural']",Ended,60.0,2008-09-07,http://www.hbo.com/true-blood,21:00,['Sunday'],HBO,United States,US,America/New_York
Once Upon a Time in Wonderland,https://www.tvmaze.com/shows/23/once-upon-a-time-in-wonderland,Scripted,English,"['Drama', 'Adventure', 'Fantasy']",Ended,60.0,2013-10-10,NA,20:00,['Thursday'],ABC,United States,US,America/New_York
Hawaii Five-0,https://www.tvmaze.com/shows/24/hawaii-five-0,Scripted,English,"['Drama', 'Action', 'Crime']",Ended,60.0,2010-09-20,http://www.cbs.com/shows/hawaii_five_0/,21:00,['Friday'],CBS,United States,US,America/New_York
Hellsing,https://www.tvmaze.com/shows/25/hellsing,Animation,Japanese,"['Anime', 'Horror', 'Supernatural']",Ended,30.0,2001-10-10,NA,,['Wednesday'],Fuji TV,Japan,JP,Asia/Tokyo
Hellsing Ultimate,https://www.tvmaze.com/shows/26/hellsing-ultimate,Animation,Japanese,"['Drama', 'Action', 'Anime', 'Horror']",Ended,50.0,2006-02-10,NA,12:00,['Wednesday'],TBS,Japan,JP,Asia/Tokyo
Berserk,https://www.tvmaze.com/shows/27/berserk,Animation,Japanese,"['Anime', 'Fantasy', 'Horror']",Ended,25.0,1997-10-07,NA,,['Tuesday'],NTV,Japan,JP,Asia/Tokyo
Californication,https://www.tvmaze.com/shows/28/californication,Scripted,English,"['Drama', 'Comedy']",Ended,30.0,2007-08-13,http://www.sho.com/sho/californication/home,21:30,['Sunday'],Showtime,United States,US,America/New_York
Vikings,https://www.tvmaze.com/shows/29/vikings,Scripted,English,"['Drama', 'Action', 'History']",Ended,60.0,2013-03-03,https://www.history.ca/shows/vikings/,21:00,['Friday'],History,Canada,CA,America/Halifax
American Horror Story,https://www.tvmaze.com/shows/30/american-horror-story,Scripted,English,"['Drama', 'Horror', 'Thriller']",Running,60.0,2011-10-05,http://www.fxnetworks.com/shows/american-horror-story,22:00,['Wednesday'],FX,United States,US,America/New_York
Marvel's Agents of S.H.I.E.L.D.,https://www.tvmaze.com/shows/31/marvels-agents-of-shield,Scripted,English,"['Action', 'Adventure', 'Science-Fiction']",Ended,60.0,2013-09-24,http://abc.go.com/shows/marvels-agents-of-shield,22:00,['Wednesday'],ABC,United States,US,America/New_York
Fargo,https://www.tvmaze.com/shows/32/fargo,Scripted,English,"['Drama', 'Crime']",Running,60.0,2014-04-15,http://www.fxnetworks.com/fargo,22:00,['Sunday'],FX,United States,US,America/New_York
Hemlock Grove,https://www.tvmaze.com/shows/33/hemlock-grove,Scripted,English,"['Drama', 'Horror', 'Thriller']",Ended,NA,2013-04-19,https://www.netflix.com/title/70242310,,[],,,,
Helix,https://www.tvmaze.com/shows/34/helix,Scripted,English,"['Horror', 'Science-Fiction', 'Thriller']",Ended,60.0,2014-01-10,NA,22:00,['Friday'],Syfy,United States,US,America/New_York
The Killing,https://www.tvmaze.com/shows/35/the-killing,Scripted,English,"['Drama', 'Crime', 'Thriller']",Ended,60.0,2011-04-03,http://www.amc.com/shows/the-killing,21:00,['Friday'],AMC,United States,US,America/New_York
Intruders,https://www.tvmaze.com/shows/37/intruders,Scripted,English,"['Drama', 'Fantasy', 'Thriller']",Ended,60.0,2014-08-23,http://www.bbc.co.uk/programmes/b04nf78f,22:00,['Saturday'],BBC America,United States,US,America/New_York
Z Nation,https://www.tvmaze.com/shows/38/z-nation,Scripted,English,"['Action', 'Horror', 'Science-Fiction']",Ended,60.0,2014-09-12,http://www.syfy.com/znation,21:00,['Friday'],Syfy,United States,US,America/New_York
Resurrection,https://www.tvmaze.com/shows/39/resurrection,Scripted,English,"['Drama', 'Science-Fiction', 'Mystery']",Ended,60.0,2014-03-09,NA,21:00,['Sunday'],ABC,United States,US,America/New_York
Death Note,https://www.tvmaze.com/shows/40/death-note,Animation,Japanese,"['Drama', 'Anime', 'Thriller', 'Mystery']",Ended,30.0,2006-10-03,http://www.j-deathnote.com/,13:00,['Tuesday'],NTV,Japan,JP,Asia/Tokyo
Last Man Standing,https://www.tvmaze.com/shows/41/last-man-standing,Scripted,English,"['Comedy', 'Family']",Running,30.0,2011-10-11,https://www.fox.com/last-man-standing/,21:30,['Thursday'],FOX,United States,US,America/New_York
Sleepy Hollow,https://www.tvmaze.com/shows/42/sleepy-hollow,Scripted,English,"['Drama', 'Mystery', 'Supernatural']",Ended,60.0,2013-09-16,http://www.fox.com/sleepy-hollow,21:00,['Friday'],FOX,United States,US,America/New_York
Outlander,https://www.tvmaze.com/shows/43/outlander,Scripted,English,"['Adventure', 'Romance', 'Science-Fiction']",Running,60.0,2014-08-09,http://www.starz.com/originals/outlander,20:00,['Sunday'],Starz,United States,US,America/New_York
Scorpion,https://www.tvmaze.com/shows/44/scorpion,Scripted,English,"['Drama', 'Action', 'Thriller']",Ended,60.0,2014-09-22,http://www.cbs.com/shows/scorpion/,22:00,['Monday'],CBS,United States,US,America/New_York
NCIS: New Orleans,https://www.tvmaze.com/shows/45/ncis-new-orleans,Scripted,English,"['Drama', 'Crime']",Running,60.0,2014-09-23,http://www.cbs.com/shows/ncis-new-orleans/,22:00,['Sunday'],CBS,United States,US,America/New_York
Forever,https://www.tvmaze.com/shows/46/forever,Scripted,English,"['Drama', 'Crime', 'Supernatural']",Ended,60.0,2014-09-22,http://abc.go.com/shows/forever,22:00,['Monday'],ABC,United States,US,America/New_York
Witches of East End,https://www.tvmaze.com/shows/47/witches-of-east-end,Scripted,English,"['Drama', 'Fantasy', 'Romance']",Ended,60.0,2013-10-06,NA,21:00,['Sunday'],Lifetime,United States,US,America/New_York
Madam Secretary,https://www.tvmaze.com/shows/48/madam-secretary,Scripted,English,['Drama'],Ended,60.0,2014-09-21,http://www.cbs.com/shows/madam-secretary/,22:00,['Sunday'],CBS,United States,US,America/New_York
Brooklyn Nine-Nine,https://www.tvmaze.com/shows/49/brooklyn-nine-nine,Scripted,English,"['Comedy', 'Action', 'Crime']",Running,30.0,2013-09-17,https://www.nbc.com/brooklyn-nine-nine,20:30,['Thursday'],NBC,United States,US,America/New_York
The Lottery,https://www.tvmaze.com/shows/50/the-lottery,Scripted,English,"['Drama', 'Science-Fiction', 'Thriller']",Ended,60.0,2014-07-20,NA,22:00,['Sunday'],Lifetime,United States,US,America/New_York
The Knick,https://www.tvmaze.com/shows/51/the-knick,Scripted,English,"['Drama', 'Medical']",Running,60.0,2014-08-08,http://www.cinemax.com/the-knick/,22:00,['Friday'],Cinemax,United States,US,America/New_York
How to Get Away with Murder,https://www.tvmaze.com/shows/52/how-to-get-away-with-murder,Scripted,English,"['Drama', 'Thriller', 'Legal']",Ended,60.0,2014-09-25,http://abc.go.com/shows/how-to-get-away-with-murder,22:00,['Thursday'],ABC,United States,US,America/New_York
Nashville,https://www.tvmaze.com/shows/53/nashville,Scripted,English,"['Drama', 'Music', 'Romance']",Ended,60.0,2012-10-10,http://www.cmt.com/shows/nashville/,21:00,['Thursday'],CMT,United States,US,America/New_York
Legends,https://www.tvmaze.com/shows/54/legends,Scripted,English,"['Drama', 'Crime', 'Thriller']",Ended,60.0,2014-08-13,http://www.tntdrama.com/shows/legends.html,22:00,['Monday'],TNT,United States,US,America/New_York
Red Band Society,https://www.tvmaze.com/shows/55/red-band-society,Scripted,English,"['Drama', 'Comedy']",Ended,60.0,2014-09-17,https://web.archive.org/web/20170615064321/http://www.fox.com/red-band-society,21:00,['Wednesday'],FOX,United States,US,America/New_York
Chicago P.D.,https://www.tvmaze.com/shows/56/chicago-pd,Scripted,English,"['Drama', 'Crime']",Running,60.0,2014-01-08,http://www.nbc.com/chicago-pd,22:00,['Wednesday'],NBC,United States,US,America/New_York
black-ish,https://www.tvmaze.com/shows/57/black-ish,Scripted,English,"['Comedy', 'Family']",Running,30.0,2014-09-24,https://abc.com/shows/blackish,21:00,['Tuesday'],ABC,United States,US,America/New_York
New Girl,https://www.tvmaze.com/shows/58/new-girl,Scripted,English,"['Comedy', 'Romance']",Ended,30.0,2011-09-20,http://www.fox.com/new-girl/,21:30,['Tuesday'],FOX,United States,US,America/New_York
Chicago Fire,https://www.tvmaze.com/shows/59/chicago-fire,Scripted,English,"['Drama', 'Action']",Running,60.0,2012-10-10,http://www.nbc.com/chicago-fire,21:00,['Wednesday'],NBC,United States,US,America/New_York
NCIS,https://www.tvmaze.com/shows/60/ncis,Scripted,English,"['Drama', 'Action', 'Crime']",Running,60.0,2003-09-23,http://www.cbs.com/shows/ncis/,20:00,['Tuesday'],CBS,United States,US,America/New_York
Orphan Black,https://www.tvmaze.com/shows/61/orphan-black,Scripted,English,"['Drama', 'Science-Fiction', 'Thriller']",Ended,60.0,2013-03-30,http://orphanblack.space.ca/,22:00,['Saturday'],CTV Sci-Fi Channel,Canada,CA,America/Halifax
The Originals,https://www.tvmaze.com/shows/62/the-originals,Scripted,English,"['Drama', 'Romance', 'Supernatural']",Ended,60.0,2013-10-03,http://www.cwtv.com/shows/the-originals/,21:00,['Wednesday'],The CW,United States,US,America/New_York
The Vampire Diaries,https://www.tvmaze.com/shows/63/the-vampire-diaries,Scripted,English,"['Drama', 'Romance', 'Supernatural']",Ended,60.0,2009-09-10,http://www.cwtv.com/shows/the-vampire-diaries,20:00,['Friday'],The CW,United States,US,America/New_York
Utopia,https://www.tvmaze.com/shows/64/utopia,Scripted,English,"['Drama', 'Science-Fiction', 'Thriller']",Ended,60.0,2013-01-15,http://www.channel4.com/programmes/utopia,22:00,['Tuesday'],Channel 4,United Kingdom,GB,Europe/London
Bones,https://www.tvmaze.com/shows/65/bones,Scripted,English,"['Drama', 'Crime', 'Medical']",Ended,60.0,2005-09-13,http://www.fox.com/bones,21:00,['Tuesday'],FOX,United States,US,America/New_York
The Big Bang Theory,https://www.tvmaze.com/shows/66/the-big-bang-theory,Scripted,English,['Comedy'],Ended,30.0,2007-09-24,http://www.cbs.com/shows/big_bang_theory/,20:00,['Thursday'],CBS,United States,US,America/New_York
Grey's Anatomy,https://www.tvmaze.com/shows/67/greys-anatomy,Scripted,English,"['Drama', 'Romance', 'Medical']",Running,60.0,2005-03-27,http://abc.go.com/shows/greys-anatomy/,21:00,['Thursday'],ABC,United States,US,America/New_York
Castle,https://www.tvmaze.com/shows/68/castle,Scripted,English,"['Drama', 'Crime']",Ended,60.0,2009-03-09,http://abc.go.com/shows/castle,22:00,['Monday'],ABC,United States,US,America/New_York
The Blacklist,https://www.tvmaze.com/shows/69/the-blacklist,Scripted,English,"['Drama', 'Crime', 'Thriller']",Running,60.0,2013-09-23,http://www.nbc.com/the-blacklist,20:00,['Friday'],NBC,United States,US,America/New_York
The Voice,https://www.tvmaze.com/shows/70/the-voice,Reality,English,['Music'],Running,120.0,2011-04-26,http://www.nbc.com/the-voice,20:00,['Monday'],NBC,United States,US,America/New_York
Dancing with the Stars,https://www.tvmaze.com/shows/71/dancing-with-the-stars,Reality,English,['Music'],Running,120.0,2005-06-01,https://abc.com/shows/dancing-with-the-stars,20:00,['Monday'],ABC,United States,US,America/New_York
NCIS: Los Angeles,https://www.tvmaze.com/shows/72/ncis-los-angeles,Scripted,English,"['Drama', 'Action', 'Crime']",Running,60.0,2009-09-22,http://www.cbs.com/shows/ncis_los_angeles/,21:00,['Sunday'],CBS,United States,US,America/New_York
The Walking Dead,https://www.tvmaze.com/shows/73/the-walking-dead,Scripted,English,"['Drama', 'Action', 'Horror']",Running,60.0,2010-10-31,http://www.amc.com/shows/the-walking-dead,21:00,['Sunday'],AMC,United States,US,America/New_York
Hell on Wheels,https://www.tvmaze.com/shows/74/hell-on-wheels,Scripted,English,"['Drama', 'Action', 'Western']",Ended,60.0,2011-11-06,http://www.amctv.com/shows/hell-on-wheels,21:00,['Saturday'],AMC,United States,US,America/New_York
The Mindy Project,https://www.tvmaze.com/shows/75/the-mindy-project,Scripted,English,"['Comedy', 'Romance', 'Medical']",Ended,30.0,2012-09-25,http://www.hulu.com/the-mindy-project,,['Tuesday'],,,,
Sons of Anarchy,https://www.tvmaze.com/shows/76/sons-of-anarchy,Scripted,English,"['Drama', 'Action', 'Crime']",Ended,60.0,2008-09-03,http://www.fxnetworks.com/shows/sons-of-anarchy/,22:00,['Tuesday'],FX,United States,US,America/New_York
The Middle,https://www.tvmaze.com/shows/77/the-middle,Scripted,English,"['Comedy', 'Family']",Ended,30.0,2009-09-30,http://abc.go.com/shows/the-middle,20:00,['Tuesday'],ABC,United States,US,America/New_York
The Mysteries of Laura,https://www.tvmaze.com/shows/78/the-mysteries-of-laura,Scripted,English,"['Comedy', 'Crime']",Ended,60.0,2014-09-17,http://www.nbc.com/the-mysteries-of-laura,20:00,['Wednesday'],NBC,United States,US,America/New_York
The Goldbergs,https://www.tvmaze.com/shows/79/the-goldbergs,Scripted,English,"['Comedy', 'Family']",Running,30.0,2013-09-24,http://abc.go.com/shows/the-goldbergs,20:00,['Wednesday'],ABC,United States,US,America/New_York
Modern Family,https://www.tvmaze.com/shows/80/modern-family,Scripted,English,"['Comedy', 'Family']",Ended,30.0,2009-09-23,http://abc.go.com/shows/modern-family,21:00,['Wednesday'],ABC,United States,US,America/New_York
Criminal Minds,https://www.tvmaze.com/shows/81/criminal-minds,Scripted,English,"['Drama', 'Crime', 'Thriller']",Running,45.0,2005-09-22,http://www.cbs.com/shows/criminal_minds/,,[],,,,
Game of Thrones,https://www.tvmaze.com/shows/82/game-of-thrones,Scripted,English,"['Drama', 'Adventure', 'Fantasy']",Ended,60.0,2011-04-17,http://www.hbo.com/game-of-thrones,21:00,['Sunday'],HBO,United States,US,America/New_York
The Simpsons,https://www.tvmaze.com/shows/83/the-simpsons,Animation,English,"['Comedy', 'Family']",Running,30.0,1989-12-17,http://www.fox.com/the-simpsons/full-episodes,20:00,['Sunday'],FOX,United States,US,America/New_York
Family Guy,https://www.tvmaze.com/shows/84/family-guy,Animation,English,"['Comedy', 'Family']",Running,30.0,1999-01-31,http://www.fox.com/family-guy,21:30,['Sunday'],FOX,United States,US,America/New_York
Stalker,https://www.tvmaze.com/shows/86/stalker,Scripted,English,"['Crime', 'Thriller']",Ended,60.0,2014-10-01,NA,22:00,['Wednesday'],CBS,United States,US,America/New_York
The Bridge,https://www.tvmaze.com/shows/87/the-bridge,Scripted,English,"['Drama', 'Crime', 'Thriller']",Ended,60.0,2013-07-10,NA,22:00,['Wednesday'],FX,United States,US,America/New_York
Reign,https://www.tvmaze.com/shows/88/reign,Scripted,English,"['Drama', 'Romance', 'History']",Ended,60.0,2013-10-17,NA,21:00,['Friday'],The CW,United States,US,America/New_York
Unforgettable,https://www.tvmaze.com/shows/89/unforgettable,Scripted,English,"['Drama', 'Crime']",Ended,60.0,2011-09-20,http://www.aetv.com/unforgettable,21:00,['Friday'],A&E,United States,US,America/New_York
Haven,https://www.tvmaze.com/shows/90/haven,Scripted,English,"['Drama', 'Crime', 'Supernatural']",Ended,42.0,2010-07-09,http://www.syfy.com/haven,22:00,['Thursday'],Syfy,United States,US,America/New_York
Bad Judge,https://www.tvmaze.com/shows/91/bad-judge,Scripted,English,"['Comedy', 'Family']",Ended,30.0,2014-10-02,NA,21:00,['Thursday'],NBC,United States,US,America/New_York
A to Z,https://www.tvmaze.com/shows/92/a-to-z,Scripted,English,"['Comedy', 'Romance']",Ended,30.0,2014-10-02,NA,21:30,['Thursday'],NBC,United States,US,America/New_York
Parenthood,https://www.tvmaze.com/shows/93/parenthood,Scripted,English,"['Drama', 'Comedy', 'Family']",Ended,60.0,2010-03-02,NA,22:00,['Thursday'],NBC,United States,US,America/New_York
Defiance,https://www.tvmaze.com/shows/94/defiance,Scripted,English,"['Action', 'Adventure', 'Science-Fiction']",Ended,60.0,2013-04-15,NA,20:00,['Thursday'],Syfy,United States,US,America/New_York
Falling Skies,https://www.tvmaze.com/shows/95/falling-skies,Scripted,English,"['Drama', 'Action', 'Science-Fiction']",Ended,60.0,2011-06-19,NA,22:00,['Sunday'],TNT,United States,US,America/New_York
Manhattan Love Story,https://www.tvmaze.com/shows/96/manhattan-love-story,Scripted,English,"['Comedy', 'Romance']",Ended,30.0,2014-09-30,https://abc.go.com/shows/manhattan-love-story,20:30,['Tuesday'],ABC,United States,US,America/New_York
The Biggest Loser,https://www.tvmaze.com/shows/97/the-biggest-loser,Reality,English,['Drama'],Running,60.0,2004-10-19,https://www.usanetwork.com/the-biggest-loser,21:00,['Tuesday'],USA Network,United States,US,America/New_York
Scandal,https://www.tvmaze.com/shows/98/scandal,Scripted,English,"['Drama', 'Thriller']",Ended,60.0,2012-04-05,http://abc.go.com/shows/scandal,22:00,['Thursday'],ABC,United States,US,America/New_York
America's Next Top Model,https://www.tvmaze.com/shows/99/americas-next-top-model,Reality,English,[],Ended,60.0,2003-05-20,http://www.vh1.com/shows/americas-next-top-model,20:00,['Wednesday'],VH1,United States,US,America/New_York
Blue Bloods,https://www.tvmaze.com/shows/100/blue-bloods,Scripted,English,"['Drama', 'Crime']",Running,60.0,2010-09-24,http://www.cbs.com/shows/blue_bloods/,22:00,['Friday'],CBS,United States,US,America/New_York
The Good Wife,https://www.tvmaze.com/shows/101/the-good-wife,Scripted,English,"['Drama', 'Crime', 'Legal']",Ended,60.0,2009-09-22,http://www.cbs.com/shows/the_good_wife/,21:00,['Sunday'],CBS,United States,US,America/New_York
Boardwalk Empire,https://www.tvmaze.com/shows/102/boardwalk-empire,Scripted,English,"['Drama', 'Crime']",Ended,60.0,2010-09-19,http://www.hbo.com/boardwalk-empire,21:00,['Sunday'],HBO,United States,US,America/New_York
Law & Order: Special Victims Unit,https://www.tvmaze.com/shows/103/law-order-special-victims-unit,Scripted,English,"['Drama', 'Crime']",Running,60.0,1999-09-20,http://www.nbc.com/law-and-order-special-victims-unit,21:00,['Thursday'],NBC,United States,US,America/New_York
Dominion,https://www.tvmaze.com/shows/104/dominion,Scripted,English,"['Action', 'Adventure', 'Fantasy']",Ended,60.0,2014-06-19,http://www.syfy.com/dominion,22:00,['Thursday'],Syfy,United States,US,America/New_York
From Dusk Till Dawn: The Series,https://www.tvmaze.com/shows/105/from-dusk-till-dawn-the-series,Scripted,English,"['Action', 'Crime', 'Horror']",Ended,60.0,2014-03-11,http://www.elreynetwork.com/originals/from-dusk-till-dawn-s3,21:00,['Tuesday'],El Rey Network,United States,US,America/New_York
Justified,https://www.tvmaze.com/shows/106/justified,Scripted,English,"['Drama', 'Crime', 'Western']",Ended,60.0,2010-03-16,NA,22:00,['Tuesday'],FX,United States,US,America/New_York
Bob's Burgers,https://www.tvmaze.com/shows/107/bobs-burgers,Animation,English,"['Comedy', 'Family']",Running,30.0,2011-01-09,http://www.fox.com/bobs-burgers,21:00,['Sunday'],FOX,United States,US,America/New_York
Mulaney,https://www.tvmaze.com/shows/108/mulaney,Scripted,English,"['Comedy', 'Family']",Ended,30.0,2014-10-05,NA,21:30,['Sunday'],FOX,United States,US,America/New_York
CSI: Crime Scene Investigation,https://www.tvmaze.com/shows/109/csi-crime-scene-investigation,Scripted,English,"['Drama', 'Action', 'Crime']",Ended,60.0,2000-10-06,http://www.cbs.com/shows/csi/,22:00,['Sunday'],CBS,United States,US,America/New_York
Gracepoint,https://www.tvmaze.com/shows/110/gracepoint,Scripted,English,"['Drama', 'Crime', 'Mystery']",Ended,60.0,2014-10-02,NA,21:00,['Thursday'],FOX,United States,US,America/New_York
Once Upon a Time,https://www.tvmaze.com/shows/111/once-upon-a-time,Scripted,English,"['Drama', 'Fantasy', 'Romance']",Ended,60.0,2011-10-23,http://abc.go.com/shows/once-upon-a-time,20:00,['Friday'],ABC,United States,US,America/New_York
South Park,https://www.tvmaze.com/shows/112/south-park,Animation,English,['Comedy'],Running,30.0,1997-08-13,http://southpark.cc.com,22:00,['Wednesday'],Comedy Central,United States,US,America/New_York
Survivor,https://www.tvmaze.com/shows/114/survivor,Reality,English,['Adventure'],Running,60.0,2000-05-31,http://www.cbs.com/shows/survivor/,20:00,['Wednesday'],CBS,United States,US,America/New_York
King of the Hill,https://www.tvmaze.com/shows/115/king-of-the-hill,Animation,English,['Comedy'],Ended,30.0,1997-01-12,NA,20:30,['Sunday'],FOX,United States,US,America/New_York
The Mentalist,https://www.tvmaze.com/shows/116/the-mentalist,Scripted,English,"['Drama', 'Crime', 'Mystery']",Ended,60.0,2008-09-23,NA,22:00,['Sunday'],CBS,United States,US,America/New_York
Star Wars Rebels,https://www.tvmaze.com/shows/117/star-wars-rebels,Animation,English,"['Action', 'Adventure', 'Science-Fiction']",Ended,30.0,2014-09-29,http://disneyxd.disney.com/star-wars-rebels,09:00,['Monday'],Disney XD,United States,US,America/New_York
House,https://www.tvmaze.com/shows/118/house,Scripted,English,"['Drama', 'Mystery', 'Medical']",Ended,60.0,2004-11-16,NA,21:00,['Monday'],FOX,United States,US,America/New_York
Transparent,https://www.tvmaze.com/shows/120/transparent,Scripted,English,"['Drama', 'Comedy']",Ended,30.0,2014-09-26,https://www.amazon.com/dp/B017I3KWX6,,['Friday'],,,,
Nikita,https://www.tvmaze.com/shows/122/nikita,Scripted,English,['Action'],Ended,60.0,2010-09-09,NA,21:00,['Friday'],The CW,United States,US,America/New_York
Lost,https://www.tvmaze.com/shows/123/lost,Scripted,English,"['Drama', 'Adventure', 'Supernatural']",Ended,60.0,2004-09-22,http://abc.go.com/shows/lost,21:00,['Tuesday'],ABC,United States,US,America/New_York
2 Broke Girls,https://www.tvmaze.com/shows/124/2-broke-girls,Scripted,English,['Comedy'],Ended,30.0,2011-09-19,http://www.cbs.com/shows/2_broke_girls/,21:30,['Monday'],CBS,United States,US,America/New_York
Selfie,https://www.tvmaze.com/shows/125/selfie,Scripted,English,"['Comedy', 'Romance']",Ended,30.0,2014-09-30,NA,20:00,['Tuesday'],ABC,United States,US,America/New_York
Mom,https://www.tvmaze.com/shows/126/mom,Scripted,English,"['Comedy', 'Family']",Running,30.0,2013-09-23,http://www.cbs.com/shows/mom/,21:00,['Thursday'],CBS,United States,US,America/New_York
The Affair,https://www.tvmaze.com/shows/127/the-affair,Scripted,English,"['Drama', 'Romance']",Ended,60.0,2014-10-12,http://www.sho.com/sho/the-affair/home,21:00,['Sunday'],Showtime,United States,US,America/New_York
Jane the Virgin,https://www.tvmaze.com/shows/128/jane-the-virgin,Scripted,English,"['Drama', 'Comedy', 'Romance']",Ended,60.0,2014-10-13,http://www.cwtv.com/shows/jane-the-virgin,21:00,['Wednesday'],The CW,United States,US,America/New_York
Marry Me,https://www.tvmaze.com/shows/129/marry-me,Scripted,English,['Comedy'],Ended,30.0,2014-10-14,NA,21:00,['Tuesday'],NBC,United States,US,America/New_York
Two and a Half Men,https://www.tvmaze.com/shows/130/two-and-a-half-men,Scripted,English,['Comedy'],Ended,30.0,2003-09-22,http://www.cbs.com/shows/two_and_a_half_men/,21:00,['Thursday'],CBS,United States,US,America/New_York
About a Boy,https://www.tvmaze.com/shows/131/about-a-boy,Scripted,English,"['Drama', 'Comedy', 'Romance']",Ended,30.0,2014-02-22,http://www.nbc.com/about-a-boy?nbc=1,21:30,['Tuesday'],NBC,United States,US,America/New_York
The Millers,https://www.tvmaze.com/shows/132/the-millers,Scripted,English,['Comedy'],Ended,30.0,2013-10-03,http://www.cbs.com/shows/the-millers/,20:30,['Monday'],CBS,United States,US,America/New_York
Elementary,https://www.tvmaze.com/shows/133/elementary,Scripted,English,"['Drama', 'Crime', 'Mystery']",Ended,60.0,2012-09-27,http://www.cbs.com/shows/elementary/,22:00,['Thursday'],CBS,United States,US,America/New_York
Heroes,https://www.tvmaze.com/shows/134/heroes,Scripted,English,"['Action', 'Science-Fiction']",Ended,60.0,2006-09-25,NA,21:00,['Monday'],NBC,United States,US,America/New_York
The McCarthys,https://www.tvmaze.com/shows/136/the-mccarthys,Scripted,English,"['Comedy', 'Family']",Ended,30.0,2014-10-30,NA,21:00,['Saturday'],CBS,United States,US,America/New_York
Cristela,https://www.tvmaze.com/shows/137/cristela,Scripted,English,"['Comedy', 'Legal']",Ended,30.0,2014-10-10,NA,20:30,['Friday'],ABC,United States,US,America/New_York
The Leftovers,https://www.tvmaze.com/shows/138/the-leftovers,Scripted,English,"['Drama', 'Science-Fiction', 'Thriller']",Ended,60.0,2014-06-29,http://www.hbo.com/the-leftovers,21:00,['Sunday'],HBO,United States,US,America/New_York
Girls,https://www.tvmaze.com/shows/139/girls,Scripted,English,"['Drama', 'Romance']",Ended,30.0,2012-04-15,http://www.hbo.com/girls,22:00,['Sunday'],HBO,United States,US,America/New_York
Looking,https://www.tvmaze.com/shows/140/looking,Scripted,English,"['Drama', 'Comedy', 'Romance']",Ended,30.0,2014-01-19,http://www.hbo.com/looking,22:00,['Sunday'],HBO,United States,US,America/New_York
Getting On,https://www.tvmaze.com/shows/141/getting-on,Scripted,English,"['Comedy', 'Medical']",Ended,30.0,2013-11-24,http://www.hbo.com/getting-on,22:00,['Sunday'],HBO,United States,US,America/New_York
Veep,https://www.tvmaze.com/shows/142/veep,Scripted,English,['Comedy'],Ended,30.0,2012-04-22,http://www.hbo.com/veep/,22:30,['Sunday'],HBO,United States,US,America/New_York
Silicon Valley,https://www.tvmaze.com/shows/143/silicon-valley,Scripted,English,['Comedy'],Ended,30.0,2014-04-06,http://www.hbo.com/silicon-valley/,22:00,['Sunday'],HBO,United States,US,America/New_York
The Comeback,https://www.tvmaze.com/shows/144/the-comeback,Scripted,English,['Comedy'],Ended,30.0,2005-06-05,http://www.hbo.com/the-comeback,22:00,['Sunday'],HBO,United States,US,America/New_York
House of Lies,https://www.tvmaze.com/shows/145/house-of-lies,Scripted,English,"['Drama', 'Comedy']",Ended,30.0,2012-01-08,http://www.sho.com/sho/house-of-lies/home,21:00,['Sunday'],Showtime,United States,US,America/New_York
Episodes,https://www.tvmaze.com/shows/146/episodes,Scripted,English,['Comedy'],Ended,30.0,2011-01-09,http://www.sho.com/sho/episodes/home,22:00,['Sunday'],Showtime,United States,US,America/New_York
Nurse Jackie,https://www.tvmaze.com/shows/147/nurse-jackie,Scripted,English,"['Drama', 'Comedy']",Ended,30.0,2009-06-08,NA,21:00,['Sunday'],Showtime,United States,US,America/New_York
Web Therapy,https://www.tvmaze.com/shows/148/web-therapy,Scripted,English,['Comedy'],Ended,30.0,2011-07-19,NA,23:00,['Wednesday'],Showtime,United States,US,America/New_York
Masters of Sex,https://www.tvmaze.com/shows/149/masters-of-sex,Scripted,English,"['Drama', 'Romance', 'History']",Ended,60.0,2013-09-29,http://www.sho.com/sho/masters-of-sex/home,22:00,['Sunday'],Showtime,United States,US,America/New_York
Shameless,https://www.tvmaze.com/shows/150/shameless,Scripted,English,"['Drama', 'Comedy', 'Family']",Ended,60.0,2011-01-09,http://www.sho.com/sho/shameless/home,21:00,['Sunday'],Showtime,United States,US,America/New_York
The Newsroom,https://www.tvmaze.com/shows/151/the-newsroom,Scripted,English,['Drama'],Ended,60.0,2012-06-24,https://www.hbo.com/the-newsroom,21:00,['Sunday'],HBO,United States,US,America/New_York
Ray Donovan,https://www.tvmaze.com/shows/152/ray-donovan,Scripted,English,"['Drama', 'Action', 'Crime']",Ended,60.0,2013-06-30,http://www.sho.com/sho/ray-donovan/home,20:00,['Sunday'],Showtime,United States,US,America/New_York
Sanctuary,https://www.tvmaze.com/shows/154/sanctuary,Scripted,English,"['Drama', 'Adventure', 'Science-Fiction']",Ended,60.0,2008-10-03,NA,22:00,['Friday'],Syfy,United States,US,America/New_York
Beauty and the Beast,https://www.tvmaze.com/shows/155/beauty-and-the-beast,Scripted,English,"['Drama', 'Horror', 'Romance']",Ended,60.0,2012-10-11,http://www.cwtv.com/shows/beauty-and-the-beast,21:00,['Thursday'],The CW,United States,US,America/New_York
Twin Peaks,https://www.tvmaze.com/shows/156/twin-peaks,Scripted,English,"['Drama', 'Crime', 'Supernatural']",Ended,60.0,1990-04-08,http://www.sho.com/twin-peaks,21:00,['Sunday'],Showtime,United States,US,America/New_York
The Americans,https://www.tvmaze.com/shows/157/the-americans,Scripted,English,"['Drama', 'Espionage']",Ended,60.0,2013-01-30,http://www.fxnetworks.com/theamericans,22:00,['Wednesday'],FX,United States,US,America/New_York
Fringe,https://www.tvmaze.com/shows/158/fringe,Scripted,English,"['Drama', 'Action', 'Science-Fiction']",Ended,60.0,2008-09-09,NA,21:00,['Friday'],FOX,United States,US,America/New_York
State of Affairs,https://www.tvmaze.com/shows/159/state-of-affairs,Scripted,English,"['Drama', 'Thriller']",Ended,60.0,2014-11-17,NA,22:00,['Monday'],NBC,United States,US,America/New_York
Weeds,https://www.tvmaze.com/shows/160/weeds,Scripted,English,"['Drama', 'Comedy', 'Crime']",Ended,30.0,2005-08-07,http://www.sho.com/sho/weeds/home,22:00,['Sunday'],Showtime,United States,US,America/New_York
Dexter,https://www.tvmaze.com/shows/161/dexter,Scripted,English,"['Drama', 'Crime', 'Mystery']",Running,60.0,2006-10-01,http://www.sho.com/sho/dexter/home,21:00,['Sunday'],Showtime,United States,US,America/New_York
Carnivàle,https://www.tvmaze.com/shows/162/carnivale,Scripted,English,"['Drama', 'Fantasy', 'Horror']",Ended,60.0,2003-09-14,NA,22:00,['Sunday'],HBO,United States,US,America/New_York
Human Target,https://www.tvmaze.com/shows/163/human-target,Scripted,English,"['Action', 'Adventure', 'Crime']",Ended,60.0,2010-01-17,NA,20:00,['Wednesday'],FOX,United States,US,America/New_York
Banshee,https://www.tvmaze.com/shows/164/banshee,Scripted,English,"['Drama', 'Action', 'Crime']",Ended,60.0,2013-01-11,http://www.cinemax.com/banshee/,22:00,['Friday'],Cinemax,United States,US,America/New_York
Bionic Woman,https://www.tvmaze.com/shows/165/bionic-woman,Scripted,English,"['Action', 'Science-Fiction']",Ended,60.0,2007-09-26,NA,21:00,['Wednesday'],NBC,United States,US,America/New_York
Battlestar Galactica,https://www.tvmaze.com/shows/166/battlestar-galactica,Scripted,English,"['Drama', 'Science-Fiction', 'War']",Ended,60.0,2003-12-08,http://www.syfy.com/battlestargalactica,22:00,['Friday'],Syfy,United States,US,America/New_York
24,https://www.tvmaze.com/shows/167/24,Scripted,English,"['Drama', 'Action', 'Thriller']",Ended,60.0,2001-11-06,http://www.fox.com/,21:00,['Monday'],FOX,United States,US,America/New_York
Chuck,https://www.tvmaze.com/shows/168/chuck,Scripted,English,"['Drama', 'Comedy', 'Action']",Ended,60.0,2007-09-24,http://www.nbc.com/chuck,20:00,['Friday'],NBC,United States,US,America/New_York
Breaking Bad,https://www.tvmaze.com/shows/169/breaking-bad,Scripted,English,"['Drama', 'Crime', 'Thriller']",Ended,60.0,2008-01-20,http://www.amc.com/shows/breaking-bad,22:00,['Sunday'],AMC,United States,US,America/New_York
Orange Is the New Black,https://www.tvmaze.com/shows/170/orange-is-the-new-black,Scripted,English,"['Drama', 'Comedy', 'Crime']",Ended,NA,2013-07-11,https://www.netflix.com/title/70242311,,[],,,,
How I Met Your Mother,https://www.tvmaze.com/shows/171/how-i-met-your-mother,Scripted,English,"['Drama', 'Comedy', 'Romance']",Ended,30.0,2005-09-19,http://www.cbs.com/shows/how_i_met_your_mother,20:00,['Monday'],CBS,United States,US,America/New_York
Suits,https://www.tvmaze.com/shows/172/suits,Scripted,English,"['Drama', 'Legal']",Ended,60.0,2011-06-23,http://www.usanetwork.com/suits,21:00,['Wednesday'],USA Network,United States,US,America/New_York
Parks and Recreation,https://www.tvmaze.com/shows/174/parks-and-recreation,Scripted,English,['Comedy'],Ended,30.0,2009-04-09,http://www.nbc.com/parks-and-recreation,20:00,['Tuesday'],NBC,United States,US,America/New_York
House of Cards,https://www.tvmaze.com/shows/175/house-of-cards,Scripted,English,"['Drama', 'Thriller']",Ended,NA,2013-02-01,https://www.netflix.com/title/70178217,,[],,,,
Teen Wolf,https://www.tvmaze.com/shows/176/teen-wolf,Scripted,English,"['Drama', 'Romance', 'Supernatural']",Ended,60.0,2011-06-05,http://www.mtv.com/shows/teen-wolf,20:00,['Sunday'],MTV,United States,US,America/New_York
Pretty Little Liars,https://www.tvmaze.com/shows/177/pretty-little-liars,Scripted,English,"['Romance', 'Thriller', 'Mystery']",Ended,60.0,2010-06-08,http://freeform.go.com/shows/pretty-little-liars,20:00,['Tuesday'],FreeForm,United States,US,America/New_York
The Legend of Korra,https://www.tvmaze.com/shows/178/the-legend-of-korra,Animation,English,"['Action', 'Adventure', 'Fantasy']",Ended,30.0,2012-04-14,http://www.nick.com/legend-of-korra/,12:00,['Friday'],Nickelodeon,United States,US,America/New_York
The Wire,https://www.tvmaze.com/shows/179/the-wire,Scripted,English,"['Drama', 'Crime']",Ended,60.0,2002-06-02,http://www.hbo.com/the-wire,21:00,['Sunday'],HBO,United States,US,America/New_York
Firefly,https://www.tvmaze.com/shows/180/firefly,Scripted,English,"['Drama', 'Adventure', 'Science-Fiction']",Ended,60.0,2002-09-20,NA,20:00,['Friday'],FOX,United States,US,America/New_York
Extant,https://www.tvmaze.com/shows/181/extant,Scripted,English,"['Drama', 'Science-Fiction', 'Thriller']",Ended,60.0,2014-07-09,http://www.cbs.com/shows/extant/,22:00,['Wednesday'],CBS,United States,US,America/New_York
Black Sails,https://www.tvmaze.com/shows/182/black-sails,Scripted,English,"['Drama', 'Action', 'Adventure']",Ended,60.0,2014-01-25,http://www.starz.com/originals/blacksails,21:00,['Sunday'],Starz,United States,US,America/New_York
Tyrant,https://www.tvmaze.com/shows/183/tyrant,Scripted,English,"['Drama', 'Thriller']",Ended,60.0,2014-06-24,http://www.fxnetworks.com/tyrant,22:00,['Wednesday'],FX,United States,US,America/New_York
BoJack Horseman,https://www.tvmaze.com/shows/184/bojack-horseman,Animation,English,"['Drama', 'Comedy']",Ended,25.0,2014-08-22,https://www.netflix.com/title/70300800,,[],,,,
Salem,https://www.tvmaze.com/shows/185/salem,Scripted,English,"['Drama', 'Thriller', 'Supernatural']",Ended,60.0,2014-04-20,http://www.wgnamerica.com/series/salem,21:00,['Wednesday'],WGN America,United States,US,America/New_York
Turn: Washington's Spies,https://www.tvmaze.com/shows/186/turn-washingtons-spies,Scripted,English,"['Drama', 'War']",Ended,60.0,2014-04-06,http://www.amc.com/shows/turn,21:00,['Saturday'],AMC,United States,US,America/New_York
Intelligence,https://www.tvmaze.com/shows/187/intelligence,Scripted,English,"['Action', 'Science-Fiction']",Ended,60.0,2014-01-07,NA,22:00,['Monday'],CBS,United States,US,America/New_York
Believe,https://www.tvmaze.com/shows/188/believe,Scripted,English,"['Drama', 'Action', 'Fantasy']",Ended,60.0,2014-03-10,NA,21:00,['Sunday'],NBC,United States,US,America/New_York
Star-Crossed,https://www.tvmaze.com/shows/189/star-crossed,Scripted,English,"['Drama', 'Romance', 'Science-Fiction']",Ended,60.0,2014-02-17,NA,20:00,['Monday'],The CW,United States,US,America/New_York
Crisis,https://www.tvmaze.com/shows/190/crisis,Scripted,English,"['Drama', 'Action', 'Thriller']",Ended,60.0,2014-03-16,http://www.nbc.com/crisis/,22:00,['Sunday'],NBC,United States,US,America/New_York
Halt and Catch Fire,https://www.tvmaze.com/shows/191/halt-and-catch-fire,Scripted,English,['Drama'],Ended,60.0,2014-06-01,http://www.amc.com/shows/halt-and-catch-fire,21:00,['Saturday'],AMC,United States,US,America/New_York
Hello Ladies,https://www.tvmaze.com/shows/192/hello-ladies,Scripted,English,['Comedy'],Ended,30.0,2013-09-29,http://www.hbo.com/hello-ladies,22:30,['Sunday'],HBO,United States,US,America/New_York
Dads,https://www.tvmaze.com/shows/193/dads,Scripted,English,['Comedy'],Ended,30.0,2013-09-17,NA,20:00,['Tuesday'],FOX,United States,US,America/New_York
Hannibal,https://www.tvmaze.com/shows/194/hannibal,Scripted,English,"['Drama', 'Crime', 'Horror']",Ended,60.0,2013-04-04,http://www.nbc.com/hannibal,22:00,['Thursday'],NBC,United States,US,America/New_York
Bates Motel,https://www.tvmaze.com/shows/195/bates-motel,Scripted,English,"['Drama', 'Horror', 'Thriller']",Ended,60.0,2013-03-18,http://www.aetv.com/shows/bates-motel,22:00,['Monday'],A&E,United States,US,America/New_York
The Following,https://www.tvmaze.com/shows/196/the-following,Scripted,English,"['Drama', 'Crime', 'Thriller']",Ended,60.0,2013-01-21,NA,21:00,['Monday'],FOX,United States,US,America/New_York
Da Vinci's Demons,https://www.tvmaze.com/shows/197/da-vincis-demons,Scripted,English,"['Drama', 'Horror']",Ended,60.0,2013-04-12,http://www.starz.com/originals/davincisdemons/featured,,['Saturday'],,,,
The Fosters,https://www.tvmaze.com/shows/198/the-fosters,Scripted,English,"['Drama', 'Family', 'Romance']",Ended,60.0,2013-06-03,http://freeform.go.com/shows/the-fosters,20:00,['Tuesday'],FreeForm,United States,US,America/New_York
Mistresses,https://www.tvmaze.com/shows/199/mistresses,Scripted,English,"['Drama', 'Romance']",Ended,60.0,2013-06-03,http://abc.go.com/shows/mistresses,21:00,['Thursday'],ABC,United States,US,America/New_York
The Tomorrow People,https://www.tvmaze.com/shows/200/the-tomorrow-people,Scripted,English,"['Action', 'Science-Fiction']",Ended,60.0,2013-10-09,NA,21:00,['Monday'],The CW,United States,US,America/New_York
Devious Maids,https://www.tvmaze.com/shows/201/devious-maids,Scripted,English,"['Drama', 'Crime']",Ended,60.0,2013-06-23,http://www.mylifetime.com/shows/devious-maids,21:00,['Monday'],Lifetime,United States,US,America/New_York
Almost Human,https://www.tvmaze.com/shows/202/almost-human,Scripted,English,"['Drama', 'Crime', 'Science-Fiction']",Ended,60.0,2013-11-17,NA,20:00,['Monday'],FOX,United States,US,America/New_York
The Carrie Diaries,https://www.tvmaze.com/shows/203/the-carrie-diaries,Scripted,English,"['Drama', 'Comedy']",Ended,60.0,2013-01-14,NA,20:00,['Friday'],The CW,United States,US,America/New_York
Stargate SG-1,https://www.tvmaze.com/shows/204/stargate-sg-1,Scripted,English,"['Action', 'Adventure', 'Science-Fiction']",Ended,60.0,1997-07-27,http://stargate.mgm.com/view/series/1/index.html,20:00,['Friday'],Syfy,United States,US,America/New_York
Graceland,https://www.tvmaze.com/shows/205/graceland,Scripted,English,"['Drama', 'Action', 'Crime']",Ended,60.0,2013-06-06,http://www.usanetwork.com/graceland,22:00,['Thursday'],USA Network,United States,US,America/New_York
Stargate Atlantis,https://www.tvmaze.com/shows/206/stargate-atlantis,Scripted,English,"['Action', 'Adventure', 'Science-Fiction']",Ended,60.0,2004-07-16,http://stargate.mgm.com/view/series/2/index.html,21:00,['Friday'],Syfy,United States,US,America/New_York
Stargate Universe,https://www.tvmaze.com/shows/207/stargate-universe,Scripted,English,"['Action', 'Adventure', 'Science-Fiction']",Ended,60.0,2009-10-02,http://stargate.mgm.com/view/series/3/index.html,21:00,['Monday'],Syfy,United States,US,America/New_York
The Chair,https://www.tvmaze.com/shows/208/the-chair,Reality,English,[],Ended,60.0,2014-09-06,NA,22:00,['Saturday'],Starz,United States,US,America/New_York
Survivor's Remorse,https://www.tvmaze.com/shows/209/survivors-remorse,Scripted,English,"['Drama', 'Comedy', 'Sports']",Ended,30.0,2014-10-04,http://www.starz.com/originals/survivorsremorse/featured,22:00,['Sunday'],Starz,United States,US,America/New_York
Doctor Who,https://www.tvmaze.com/shows/210/doctor-who,Scripted,English,"['Drama', 'Adventure', 'Science-Fiction']",Running,50.0,2005-03-26,http://www.bbc.co.uk/programmes/b006q2x0,19:10,['Sunday'],BBC One,United Kingdom,GB,Europe/London
666 Park Avenue,https://www.tvmaze.com/shows/211/666-park-avenue,Scripted,English,"['Drama', 'Mystery', 'Supernatural']",Ended,60.0,2012-09-30,NA,21:00,['Saturday'],ABC,United States,US,America/New_York
Alcatraz,https://www.tvmaze.com/shows/212/alcatraz,Scripted,English,"['Drama', 'Science-Fiction', 'Thriller']",Ended,60.0,2012-01-16,NA,21:00,['Monday'],FOX,United States,US,America/New_York
The Gates,https://www.tvmaze.com/shows/213/the-gates,Scripted,English,"['Drama', 'Crime', 'Supernatural']",Ended,60.0,2010-06-20,NA,22:00,['Sunday'],ABC,United States,US,America/New_York
Kingdom,https://www.tvmaze.com/shows/214/kingdom,Scripted,English,"['Drama', 'Family', 'Sports']",Ended,60.0,2014-10-08,http://kingdom.directv.com/,20:00,['Wednesday'],Audience Network,United States,US,America/New_York
American Dad!,https://www.tvmaze.com/shows/215/american-dad,Animation,English,"['Comedy', 'Family']",Running,30.0,2005-02-06,http://www.tbs.com/shows/american-dad.html,22:00,['Monday'],TBS,United States,US,America/New_York
Rick and Morty,https://www.tvmaze.com/shows/216/rick-and-morty,Animation,English,"['Comedy', 'Adventure', 'Science-Fiction']",Running,30.0,2013-12-02,http://www.adultswim.com/videos/rick-and-morty,23:30,['Sunday'],Adult Swim,United States,US,America/New_York
Hostages,https://www.tvmaze.com/shows/217/hostages,Scripted,English,"['Drama', 'Thriller']",Ended,60.0,2013-09-23,NA,22:00,['Monday'],CBS,United States,US,America/New_York
Being Human,https://www.tvmaze.com/shows/218/being-human,Scripted,English,"['Drama', 'Horror', 'Romance']",Ended,60.0,2011-01-17,NA,21:00,['Monday'],Syfy,United States,US,America/New_York
Alphas,https://www.tvmaze.com/shows/219/alphas,Scripted,English,"['Drama', 'Science-Fiction', 'Supernatural']",Ended,60.0,2011-07-11,NA,20:00,['Monday'],Syfy,United States,US,America/New_York
Crossing Lines,https://www.tvmaze.com/shows/220/crossing-lines,Scripted,English,"['Drama', 'Action', 'Crime']",Ended,60.0,2013-06-23,NA,21:00,['Friday'],TF1,France,FR,Europe/Paris
Rectify,https://www.tvmaze.com/shows/221/rectify,Scripted,English,"['Drama', 'Crime']",Ended,60.0,2013-04-22,http://www.sundance.tv/series/rectify,22:00,['Wednesday'],Sundance TV,United States,US,America/New_York
Happyland,https://www.tvmaze.com/shows/222/happyland,Scripted,English,"['Drama', 'Comedy']",Ended,30.0,2014-09-30,NA,23:00,['Tuesday'],MTV,United States,US,America/New_York
Twisted,https://www.tvmaze.com/shows/224/twisted,Scripted,English,"['Drama', 'Thriller', 'Mystery']",Ended,60.0,2013-03-19,http://abcfamily.go.com/shows/twisted,21:00,['Tuesday'],FreeForm,United States,US,America/New_York
Ravenswood,https://www.tvmaze.com/shows/225/ravenswood,Scripted,English,"['Drama', 'Horror']",Ended,60.0,2013-10-22,NA,21:00,['Tuesday'],FreeForm,United States,US,America/New_York
The Crazy Ones,https://www.tvmaze.com/shows/226/the-crazy-ones,Scripted,English,['Comedy'],Ended,30.0,2013-09-26,NA,21:30,['Thursday'],CBS,United States,US,America/New_York
Mob City,https://www.tvmaze.com/shows/227/mob-city,Scripted,English,"['Drama', 'Crime']",Ended,60.0,2013-12-04,NA,21:00,['Wednesday'],TNT,United States,US,America/New_York
Last Resort,https://www.tvmaze.com/shows/228/last-resort,Scripted,English,"['Drama', 'Action', 'War']",Ended,60.0,2012-09-27,NA,20:00,['Thursday'],ABC,United States,US,America/New_York
The Neighbors,https://www.tvmaze.com/shows/229/the-neighbors,Scripted,English,"['Comedy', 'Science-Fiction']",Ended,30.0,2012-09-26,http://abc.go.com/shows/the-neighbors,20:30,['Friday'],ABC,United States,US,America/New_York
Go On,https://www.tvmaze.com/shows/230/go-on,Scripted,English,['Comedy'],Ended,30.0,2012-08-08,NA,21:30,['Thursday'],NBC,United States,US,America/New_York
Vegas,https://www.tvmaze.com/shows/231/vegas,Scripted,English,['Drama'],Ended,60.0,2012-09-25,NA,21:00,['Friday'],CBS,United States,US,America/New_York
The River,https://www.tvmaze.com/shows/232/the-river,Scripted,English,"['Drama', 'Horror', 'Supernatural']",Ended,60.0,2012-02-07,NA,21:00,['Tuesday'],ABC,United States,US,America/New_York
Awake,https://www.tvmaze.com/shows/233/awake,Scripted,English,"['Drama', 'Fantasy', 'Thriller']",Ended,60.0,2012-03-01,NA,22:00,['Thursday'],NBC,United States,US,America/New_York
Missing,https://www.tvmaze.com/shows/234/missing,Scripted,English,"['Drama', 'Action', 'Thriller']",Ended,60.0,2012-03-15,NA,20:00,['Thursday'],ABC,United States,US,America/New_York
The New Normal,https://www.tvmaze.com/shows/235/the-new-normal,Scripted,English,['Comedy'],Ended,30.0,2012-09-10,NA,21:30,['Tuesday'],NBC,United States,US,America/New_York
GCB,https://www.tvmaze.com/shows/236/gcb,Scripted,English,"['Drama', 'Comedy', 'Romance']",Ended,60.0,2012-03-04,http://abc.go.com/shows/gcb,22:00,['Sunday'],ABC,United States,US,America/New_York
Revolution,https://www.tvmaze.com/shows/237/revolution,Scripted,English,"['Action', 'Adventure', 'Science-Fiction']",Ended,60.0,2012-09-17,NA,20:00,['Wednesday'],NBC,United States,US,America/New_York
Dallas,https://www.tvmaze.com/shows/238/dallas,Scripted,English,"['Drama', 'Family']",Ended,60.0,2012-06-13,NA,21:00,['Monday'],TNT,United States,US,America/New_York
Anger Management,https://www.tvmaze.com/shows/239/anger-management,Scripted,English,['Comedy'],Ended,30.0,2012-06-28,http://www.fxnetworks.com/angermanagement,22:00,['Monday'],FX,United States,US,America/New_York
Cops,https://www.tvmaze.com/shows/240/cops,Reality,English,"['Action', 'Crime']",Ended,30.0,1989-03-11,http://www.cops.com,22:30,['Monday'],Paramount Network,United States,US,America/New_York
Benched,https://www.tvmaze.com/shows/241/benched,Scripted,English,"['Comedy', 'Legal']",Ended,30.0,2014-10-28,http://www.usanetwork.com/benched,22:30,['Tuesday'],USA Network,United States,US,America/New_York
The Great Fire,https://www.tvmaze.com/shows/242/the-great-fire,Scripted,English,['Drama'],Ended,60.0,2014-10-16,NA,21:00,['Thursday'],ITV,United Kingdom,GB,Europe/London
Conan,https://www.tvmaze.com/shows/243/conan,Talk Show,English,['Comedy'],Running,30.0,2010-11-08,https://teamcoco.com,23:00,"['Monday', 'Tuesday', 'Wednesday', 'Thursday']",TBS,United States,US,America/New_York
Strange Empire,https://www.tvmaze.com/shows/244/strange-empire,Scripted,English,"['Drama', 'Western']",Ended,60.0,2014-10-06,http://www.cbc.ca/strangeempire/,21:00,['Monday'],CBC,Canada,CA,America/Halifax
Town of the Living Dead,https://www.tvmaze.com/shows/245/town-of-the-living-dead,Reality,English,[],Ended,30.0,2014-10-07,NA,22:00,['Tuesday'],Syfy,United States,US,America/New_York
Long Shadow,https://www.tvmaze.com/shows/246/long-shadow,Documentary,English,"['War', 'History']",Ended,60.0,2014-09-24,http://www.bbc.co.uk/programmes/b04jqxtl,20:00,['Wednesday'],BBC Two,United Kingdom,GB,Europe/London
The Colbert Report,https://www.tvmaze.com/shows/247/the-colbert-report,Talk Show,English,['Comedy'],Ended,30.0,2005-10-17,NA,23:30,"['Monday', 'Tuesday', 'Wednesday', 'Thursday']",Comedy Central,United States,US,America/New_York
Transporter: The Series,https://www.tvmaze.com/shows/248/transporter-the-series,Scripted,English,"['Action', 'Adventure', 'Crime']",Ended,60.0,2013-01-04,NA,21:00,['Sunday'],The Movie Network,Canada,CA,America/Halifax
The Daily Show with Jon Stewart,https://www.tvmaze.com/shows/249/the-daily-show-with-jon-stewart,Talk Show,English,['Comedy'],Ended,30.0,1999-01-11,NA,23:00,"['Monday', 'Tuesday', 'Wednesday', 'Thursday']",Comedy Central,United States,US,America/New_York
